Sr. no.,Song-Name,Genre,videoId,Singer/Artists,channelTitle
1,Aachal ke tuze,Classical,Y_8VmzWOsgs,Kishor Kumar,https://i.ytimg.com/vi/Y_8VmzWOsgs/hqdefault.jpg
2,AA Dekhe jara,Classical,LACqYdGD7zU,Kishor Kumar,https://i.ytimg.com/vi/LACqYdGD7zU/hqdefault.jpg
3,Aadmi jo kaheta Hai,Classical,J4i7hGkR3g8,Kishor Kumar,https://i.ytimg.com/vi/J4i7hGkR3g8/hqdefault.jpg
4,Aai Khuda Har faisala tera,Classical,302fVuJqa8Y,Kishor Kumar,https://i.ytimg.com/vi/302fVuJqa8Y/hqdefault.jpg
5,Aaiye Shauk se Kahiye,Classical,yaaoqmrY67s,Kishor Kumar,https://i.ytimg.com/vi/yaaoqmrY67s/hqdefault.jpg
6,Aaj ka ye din,Classical,2eJjHaSmgZ8,Kishor Kumar,https://i.ytimg.com/vi/2eJjHaSmgZ8/hqdefault.jpg
7,Aaj Madhosh Hua Jaye re,Classical,DP_r-pa8dXA,Kishor Kumar,https://i.ytimg.com/vi/DP_r-pa8dXA/hqdefault.jpg
8,Aaj na chhodenge,Classical,VGQRMUqya3s,Kishor Kumar,https://i.ytimg.com/vi/VGQRMUqya3s/hqdefault.jpg
9,Aaj Rapat jaye to hame,Classical,WlkJtvpcAsU,Kishor Kumar,https://i.ytimg.com/vi/WlkJtvpcAsU/hqdefault.jpg
10,Aake seedhi lagi dilpe jaise,Classical,DbuZZUHkeBI,Kishor Kumar,https://i.ytimg.com/vi/DbuZZUHkeBI/hqdefault.jpg
11,Aane wala pal jane wala hai,Classical,xobeTscjOM0,Kishor Kumar,https://i.ytimg.com/vi/xobeTscjOM0/hqdefault.jpg
12,Aankho Aankho me bat hone do,Classical,KCOSfVFVy1k,Kishor Kumar,https://i.ytimg.com/vi/KCOSfVFVy1k/hqdefault.jpg
13,Aapke kamare me koi,Classical,xqsreJs7owg,Kishor Kumar,https://i.ytimg.com/vi/xqsreJs7owg/hqdefault.jpg
14,Aap ki Aankhon me kuch,Classical,NbqCWwlNKrA,Kishor Kumar,https://i.ytimg.com/vi/NbqCWwlNKrA/hqdefault.jpg
15,Aap yahan aaye kisliye,Classical,YUtZ4lx8_QA,Kishor Kumar,https://i.ytimg.com/vi/YUtZ4lx8_QA/hqdefault.jpg
16,Aap ke anurodh pe mai ye git,Classical,l2T6YVHDyiw,Kishor Kumar,https://i.ytimg.com/vi/l2T6YVHDyiw/hqdefault.jpg
17,Aashiq hoon Baharon ka,Classical,tIBIFO7o3A4,Kishor Kumar,https://i.ytimg.com/vi/tIBIFO7o3A4/hqdefault.jpg
18,Aasaman ke neeche,Classical,bbfQ32vgV0I,Kishor Kumar,https://i.ytimg.com/vi/bbfQ32vgV0I/hqdefault.jpg
19,Aate jate Khoob Surat Aawara,Classical,4hM6MqHZw9U,Kishor Kumar,https://i.ytimg.com/vi/4hM6MqHZw9U/hqdefault.jpg
20,Aati rahengi baharen,Classical,RhOJ2Ld_R6o,Kishor Kumar,https://i.ytimg.com/vi/RhOJ2Ld_R6o/hqdefault.jpg
21,Aaye tum Yad muze,Classical,Arhggsnm8QQ,Kishor Kumar,https://i.ytimg.com/vi/Arhggsnm8QQ/hqdefault.jpg
22,Ab chahe maruthe ya baba,Classical,HB10eO9cYTY,Kishor Kumar,https://i.ytimg.com/vi/HB10eO9cYTY/hqdefault.jpg
23,Abke sawan mein Jee dare,Classical,GASi_HbNOys,Kishor Kumar,https://i.ytimg.com/vi/GASi_HbNOys/hqdefault.jpg
24,Achha to hum chalte hain,Classical,CeUyzVMwJTI,Kishor Kumar,https://i.ytimg.com/vi/CeUyzVMwJTI/hqdefault.jpg
25,Ae mera dil mat kar kisipe aitbaar,Classical,2gY-AdSSOG4,Kishor Kumar,https://i.ytimg.com/vi/2gY-AdSSOG4/hqdefault.jpg
26,Agar saj chheda,Classical,hT6HrnRbNvQ,Kishor Kumar,https://i.ytimg.com/vi/hT6HrnRbNvQ/hqdefault.jpg
27,Agar Tum na Hote,Classical,egaC_wo5iZc,Kishor Kumar,https://i.ytimg.com/vi/egaC_wo5iZc/hqdefault.jpg
28,Choo kar mere Mann Ko,Classical,BOLYNw3x1lE,Kishor Kumar,https://i.ytimg.com/vi/BOLYNw3x1lE/hqdefault.jpg
29,Aise na muze tum dekho,Classical,EU0NH3EZE6A,Kishor Kumar,https://i.ytimg.com/vi/EU0NH3EZE6A/hqdefault.jpg
30,Ajanabi tum jane pahechane se lagate ho,Classical,q3TTsBpNSSQ,Kishor Kumar,https://i.ytimg.com/vi/q3TTsBpNSSQ/hqdefault.jpg
31,Albela Mausam Kaheta hai Swagatam,Classical,FOo5akSBq3U,Kishor Kumar,https://i.ytimg.com/vi/FOo5akSBq3U/hqdefault.jpg
32,Allha megh de pani de,Classical,2QD1sUvBWzY,Kishor Kumar,https://i.ytimg.com/vi/2QD1sUvBWzY/hqdefault.jpg
33,Amar Akbar Anthony,Classical,XaodMMhrFYg,Kishor Kumar,https://i.ytimg.com/vi/XaodMMhrFYg/hqdefault.jpg
34,Amitabh nahi hoon,Classical,krYOP5swryc,Kishor Kumar,https://i.ytimg.com/vi/krYOP5swryc/hqdefault.jpg
35,Andheri raaton mein,Classical,fBcgvQJ_tNo,Kishor Kumar,https://i.ytimg.com/vi/fBcgvQJ_tNo/hqdefault.jpg
36,Aakhon mein kya ji,Classical,f5DG-I71hB8,Kishor Kumar,https://i.ytimg.com/vi/f5DG-I71hB8/hqdefault.jpg
37,Apne Jivan Ki uljhan ko,Classical,NH32pa87Eu8,Kishor Kumar,https://i.ytimg.com/vi/NH32pa87Eu8/hqdefault.jpg
38,Apni to jaise Taise,Classical,HsGqb0egQPQ,Kishor Kumar,https://i.ytimg.com/vi/HsGqb0egQPQ/hqdefault.jpg
39,Are Diwano Muze pahechano,Classical,60LJ1HqNwKM,Kishor Kumar,https://i.ytimg.com/vi/60LJ1HqNwKM/hqdefault.jpg
40,Babu samjho Eshare,Classical,xlbAlfzIPo0,Kishor Kumar,https://i.ytimg.com/vi/xlbAlfzIPo0/hqdefault.jpg
41,bachake rahana re baba,Classical,LV5BIGgfemM,Kishor Kumar,https://i.ytimg.com/vi/LV5BIGgfemM/hqdefault.jpg
42,Bachana Ae Hasino lo main aa gaya,Classical,bh2O4oyB1UM,Kishor Kumar,https://i.ytimg.com/vi/bh2O4oyB1UM/hqdefault.jpg
43,Bachapan har Gum se Begana Hota Hai,Classical,voC7BFtSZko,Kishor Kumar,https://i.ytimg.com/vi/voC7BFtSZko/hqdefault.jpg
44,Bheegi Bheegi raton mein,Classical,VLIgq8nsfis,Kishor Kumar,https://i.ytimg.com/vi/VLIgq8nsfis/hqdefault.jpg
45,Bhole O Bhole,Classical,Nqmp8-iD_As,Kishor Kumar,https://i.ytimg.com/vi/Nqmp8-iD_As/hqdefault.jpg
46,Bam chike Chike Cham Chike Chike,Classical,2nupYrnOTNU,Kishor Kumar,https://i.ytimg.com/vi/2nupYrnOTNU/hqdefault.jpg
47,Bani Rahe Jodi Raja Rani Ki,Classical,G5-IXItZ9CQ,Kishor Kumar,https://i.ytimg.com/vi/G5-IXItZ9CQ/hqdefault.jpg
48,Baraso Purana ye Yaarana,Classical,Ad8Trqts_Ww,Kishor Kumar,https://i.ytimg.com/vi/Ad8Trqts_Ww/hqdefault.jpg
49,Beqarare Dil Tu Gaye Ja,Classical,D9D4CuRQZMU,Kishor Kumar,https://i.ytimg.com/vi/D9D4CuRQZMU/hqdefault.jpg
50,Bhanvare Ki Gunjan,Classical,tUHMjYoQ1iM,Kishor Kumar,https://i.ytimg.com/vi/tUHMjYoQ1iM/hqdefault.jpg
51,Bap Ki kasam,Classical,NtYrnOVrfhY,Kishor Kumar,https://i.ytimg.com/vi/NtYrnOVrfhY/hqdefault.jpg
52,Badi Sooni Sooni Hai,Classical,YTBkvcFmTNY,Kishor Kumar,https://i.ytimg.com/vi/YTBkvcFmTNY/hqdefault.jpg
53,Bahoot Khoobsurat Jawan Ek Ladki,Classical,gCTl8Ya7Vk0,Kishor Kumar,https://i.ytimg.com/vi/gCTl8Ya7Vk0/hqdefault.jpg
54,Bahut Door Mujhe Chale Jaana Hai,Classical,DS4T7sOwYv0,Kishor Kumar,https://i.ytimg.com/vi/DS4T7sOwYv0/hqdefault.jpg
55,Baith Ja Khadi Ho Ja,Classical,V69V9Ieb_Gw,Kishor Kumar,https://i.ytimg.com/vi/V69V9Ieb_Gw/hqdefault.jpg
56,Ban Gaya Buddha Sharabi,Classical,8WizBTwRLbk,Kishor Kumar,https://i.ytimg.com/vi/8WizBTwRLbk/hqdefault.jpg
57,Band Mutthi Lakh Ki,Classical,GJWUzjEl-N8,Kishor Kumar,https://i.ytimg.com/vi/GJWUzjEl-N8/hqdefault.jpg
58,Barah Baje Ki Suiyon Jaise,Classical,FUEPMfR_x80,Kishor Kumar,https://i.ytimg.com/vi/FUEPMfR_x80/hqdefault.jpg
59,Bhaiya Re Bhaiya Re,Classical,C5yA0REgx1Q,Kishor Kumar,https://i.ytimg.com/vi/C5yA0REgx1Q/hqdefault.jpg
60,Bhali Bhali Si Ek Surat,Classical,raqvHZyDyRw,Kishor Kumar,https://i.ytimg.com/vi/raqvHZyDyRw/hqdefault.jpg
61,Bheegi Bheegi Aankhen,Classical,u5uOBsPz2Eo,Kishor Kumar,https://i.ytimg.com/vi/u5uOBsPz2Eo/hqdefault.jpg
62,Bol Meri Gudiya,Classical,TG7hp79BYEY,Kishor Kumar,https://i.ytimg.com/vi/TG7hp79BYEY/hqdefault.jpg
63,Bombai Shahar Ki,Classical,5ywpma1h3GM,Kishor Kumar,https://i.ytimg.com/vi/5ywpma1h3GM/hqdefault.jpg
64,Bye Bye Miss Good Night,Classical,pXV9IjvT0-w,Kishor Kumar,https://i.ytimg.com/vi/pXV9IjvT0-w/hqdefault.jpg
65,C A T Cat Mane Billi,Classical,kSY4vYRtcQw,Kishor Kumar,https://i.ytimg.com/vi/kSY4vYRtcQw/hqdefault.jpg
66,Chahe Koi Khush Ho,Classical,zBTA_JPjm6o,Kishor Kumar,https://i.ytimg.com/vi/zBTA_JPjm6o/hqdefault.jpg
67,Chahe Raho Door Chahe Raho Paas,Classical,zad9F21DEb8,Kishor Kumar,https://i.ytimg.com/vi/zad9F21DEb8/hqdefault.jpg
68,Chahiye Thoda Pyaar,Classical,TBVXEZ1vMII,Kishor Kumar,https://i.ytimg.com/vi/TBVXEZ1vMII/hqdefault.jpg
69,Chal Dariya Mein Doob Jayen,Classical,OiCS8PaS62U,Kishor Kumar,https://i.ytimg.com/vi/OiCS8PaS62U/hqdefault.jpg
70,Chal Kahin Door Nikal Jaayein,Classical,AJnf4jaga88,Kishor Kumar,https://i.ytimg.com/vi/AJnf4jaga88/hqdefault.jpg
71,Chal Shuru Ho Ja,Classical,KVHzkxJdFqs,Kishor Kumar,https://i.ytimg.com/vi/KVHzkxJdFqs/hqdefault.jpg
72,Chala Jata Hoon,Classical,jrOIZA-G-z4,Kishor Kumar,https://i.ytimg.com/vi/jrOIZA-G-z4/hqdefault.jpg
73,Chali Re Chali Gori,Classical,as3H2YEJV-Y,Kishor Kumar,https://i.ytimg.com/vi/as3H2YEJV-Y/hqdefault.jpg
74,Chalte Chalte,Classical,X-40R7SfXJ4,Kishor Kumar,https://i.ytimg.com/vi/X-40R7SfXJ4/hqdefault.jpg
75,Chalti Ka Naam Zindagi,Classical,2nPXtlFyaYk,Kishor Kumar,https://i.ytimg.com/vi/2nPXtlFyaYk/hqdefault.jpg
76,Chand Chra Ke Laya Hoon,Classical,nMRa-baFI9Y,Kishor Kumar,https://i.ytimg.com/vi/nMRa-baFI9Y/hqdefault.jpg
77,Chand Chal Tu Zara Dheeme,Classical,OtrN6xehkZ8,Kishor Kumar,https://i.ytimg.com/vi/OtrN6xehkZ8/hqdefault.jpg
78,Chand Raat Tum Ho,Classical,zFO9QvDV3JI,Kishor Kumar,https://i.ytimg.com/vi/zFO9QvDV3JI/hqdefault.jpg
79,Chand Roz Aur Meri Jaan,Classical,mhXNHqs1F9M,Kishor Kumar,https://i.ytimg.com/vi/mhXNHqs1F9M/hqdefault.jpg
80,Chanda O Chanda,Classical,vXX464l95VE,Kishor Kumar,https://i.ytimg.com/vi/vXX464l95VE/hqdefault.jpg
81,Chandni Chand Se Hoti Hai,Classical,qBZ-tLhmkXs,Kishor Kumar,https://i.ytimg.com/vi/qBZ-tLhmkXs/hqdefault.jpg
82,Chandni Raat Mein,Classical,aayje97qLng,Kishor Kumar,https://i.ytimg.com/vi/aayje97qLng/hqdefault.jpg
83,Chandni Raat Yeh Sanam,Classical,RBf3FqY0NvY,Kishor Kumar,https://i.ytimg.com/vi/RBf3FqY0NvY/hqdefault.jpg
84,Chandni Tu Hai Kahan,Classical,#NAME?,Kishor Kumar,https://i.ytimg.com/vi/-Be-nMlfV1M/hqdefault.jpg
85,Chapper Phad Ke Deta,Classical,GkXRDcDQdWk,Kishor Kumar,https://i.ytimg.com/vi/GkXRDcDQdWk/hqdefault.jpg
86,Charu Chandra Ki Chanchal Chitwan,Classical,DiWE1OLG6sk,Kishor Kumar,https://i.ytimg.com/vi/DiWE1OLG6sk/hqdefault.jpg
87,Chhai Ghata Bijli Kadki,Classical,5VuJYW2a0Bo,Kishor Kumar,https://i.ytimg.com/vi/5VuJYW2a0Bo/hqdefault.jpg
88,Chhalkao Jhoomke Paimana,Classical,21HBOzlhvM4,Kishor Kumar,https://i.ytimg.com/vi/21HBOzlhvM4/hqdefault.jpg
89,Chhatri Na Khol Ud Jayegi,Classical,Gb3PgyPyWPo,Kishor Kumar,https://i.ytimg.com/vi/Gb3PgyPyWPo/hqdefault.jpg
90,Chhedo Na Meri Zulfen,Classical,PNqHtbeBuq4,Kishor Kumar,https://i.ytimg.com/vi/PNqHtbeBuq4/hqdefault.jpg
91,Chhod Do Aanchal Zamana,Classical,QUyFoyHT8s8,Kishor Kumar,https://i.ytimg.com/vi/QUyFoyHT8s8/hqdefault.jpg
92,Chhodo Sanam,Classical,NJaQiaRqaoE,Kishor Kumar,https://i.ytimg.com/vi/NJaQiaRqaoE/hqdefault.jpg
93,Chhoti Si Yeh Duniya,Classical,t3SQHtwgraI,Kishor Kumar,https://i.ytimg.com/vi/t3SQHtwgraI/hqdefault.jpg
94,Chhoti Umar Me,Classical,g6XoSmU24JM,Kishor Kumar,https://i.ytimg.com/vi/g6XoSmU24JM/hqdefault.jpg
95,Chidiya Choon Choon Karti Hai,Classical,riC27cFM53k,Kishor Kumar,https://i.ytimg.com/vi/riC27cFM53k/hqdefault.jpg
96,Chil Chil Chilla Ke,Classical,yBZagn-PGNU,Kishor Kumar,https://i.ytimg.com/vi/yBZagn-PGNU/hqdefault.jpg
97,Chingari Koi Bhadke,Classical,ptqkTdtt7nI,Kishor Kumar,https://i.ytimg.com/vi/ptqkTdtt7nI/hqdefault.jpg
98,Choodi Nahin Ye Mera Dil,Classical,cCxlj19Iu5k,Kishor Kumar,https://i.ytimg.com/vi/cCxlj19Iu5k/hqdefault.jpg
99,Chookar Mere Mann Ko,Classical,BOLYNw3x1lE,Kishor Kumar,https://i.ytimg.com/vi/BOLYNw3x1lE/hqdefault.jpg
100,Dil Kya Chahe,Classical,JGwWNGJdvx8,Kishor Kumar,https://store.playstation.com/store/api/chihiro/00_09_000/container/IN/en/99/EP2402-CUSA05624_00-AV00000000000068/0/image?_version=00_09_000&platform=chihiro&bg_color=000000&opacity=100&w=720&h=720
101,Chor Tera Naam Hai,Classical,fcHxBjoH9Fc,Kishor Kumar,https://i.ytimg.com/vi/fcHxBjoH9Fc/hqdefault.jpg
102,Chori Chori Chupke Chupke,Classical,OE2vFYQtBDs,Kishor Kumar,https://i.ytimg.com/vi/OE2vFYQtBDs/hqdefault.jpg
103,Chori Chori Yoon Jab,Classical,TC0vWJA_qYI,Kishor Kumar,https://i.ytimg.com/vi/TC0vWJA_qYI/hqdefault.jpg
104,Chori Mera Kaam,Classical,GV_7zmVxgng,Kishor Kumar,https://i.ytimg.com/vi/GV_7zmVxgng/hqdefault.jpg
105,Chot Lagi Kahan Yahaan,Classical,0NFxcNheoLc,Kishor Kumar,https://i.ytimg.com/vi/0NFxcNheoLc/hqdefault.jpg
106,College Girl I Love You,Classical,XJpd-gzn-kQ,Kishor Kumar,https://i.ytimg.com/vi/XJpd-gzn-kQ/hqdefault.jpg
107,Chupke Se Dil Dede,Classical,3_yi3I3Nu7Q,Kishor Kumar,https://i.ytimg.com/vi/3_yi3I3Nu7Q/hqdefault.jpg
108,Daakiyaa Daak Layaa,Classical,ltCAMYV0RnI,Kishor Kumar,https://i.ytimg.com/vi/ltCAMYV0RnI/hqdefault.jpg
109,Daal Kaise Gale,Classical,jEF6uHeBNrc,Kishor Kumar,https://i.ytimg.com/vi/jEF6uHeBNrc/hqdefault.jpg
110,Daal Roti Khao Prabhu Ke Gun Gaao,Classical,U3Bt-zi3_Ck,Kishor Kumar,https://i.ytimg.com/vi/U3Bt-zi3_Ck/hqdefault.jpg
111,Dil Sachaa Aur Chehra Jhutha,Classical,CoN9LbZS27E,Kishor Kumar,https://i.ytimg.com/vi/CoN9LbZS27E/hqdefault.jpg
112,Dariya Kinare Ek Bungla,Classical,vV3wNEgsCc4,Kishor Kumar,https://i.ytimg.com/vi/vV3wNEgsCc4/hqdefault.jpg
113,Dariya Mein Jahaz Chale,Classical,gD_W_5JkSJ0,Kishor Kumar,https://i.ytimg.com/vi/gD_W_5JkSJ0/hqdefault.jpg
114,Dariya Mein Phenk Do Chabi,Classical,cvjtYKraj0c,Kishor Kumar,https://i.ytimg.com/vi/cvjtYKraj0c/hqdefault.jpg
115,Daru Kharab,Classical,b94CKGY58EM,Kishor Kumar,https://i.ytimg.com/vi/b94CKGY58EM/hqdefault.jpg
116,Daru Ki Botol Mein,Classical,MLtjivZskYM,Kishor Kumar,https://i.ytimg.com/vi/MLtjivZskYM/hqdefault.jpg
117,De Bhi Chuke Hum Dil Nazrana,Classical,OdxZOQ3YxF8,Kishor Kumar,https://i.ytimg.com/vi/OdxZOQ3YxF8/hqdefault.jpg
118,De Daru,Classical,VInUIY6fkJs,Kishor Kumar,https://i.ytimg.com/vi/VInUIY6fkJs/hqdefault.jpg
119,De De Pyaar De,Classical,1R2QmQ1lFl8,Kishor Kumar,https://i.ytimg.com/vi/1R2QmQ1lFl8/hqdefault.jpg
120,Deep Diwali Ke Jhuthe,Classical,#NAME?,Kishor Kumar,https://i.ytimg.com/vi/-KiQXG4ruSo/hqdefault.jpg
121,Deewana Kar Ke Chhodoge,Classical,vMXJuw1vNa8,Kishor Kumar,https://i.ytimg.com/vi/vMXJuw1vNa8/hqdefault.jpg
122,Deewana Leke Aaya Hai,Classical,uIi36xT_YYo,Kishor Kumar,https://i.ytimg.com/vi/uIi36xT_YYo/hqdefault.jpg
123,Dekh Aasman Mein,Classical,sIDM175qlS4,Kishor Kumar,https://i.ytimg.com/vi/sIDM175qlS4/hqdefault.jpg
124,Dekh Sakta Hoon -,Classical,UcxxshZXFus,Kishor Kumar,https://i.ytimg.com/vi/UcxxshZXFus/hqdefault.jpg
125,Dekha Ek Khwab,Classical,7dO_MS9tZ5E,Kishor Kumar,https://i.ytimg.com/vi/7dO_MS9tZ5E/hqdefault.jpg
126,Dekha Hai Tumhe,Classical,GUt7trC8IiA,Kishor Kumar,https://i.ytimg.com/vi/GUt7trC8IiA/hqdefault.jpg
127,Dekha Hai Zindagi Ko,Classical,W7zgmbpA9R8,Kishor Kumar,https://i.ytimg.com/vi/W7zgmbpA9R8/hqdefault.jpg
128,Dekha Na Haye Re,Classical,fF3q0_1hwLI,Kishor Kumar,https://i.ytimg.com/vi/fF3q0_1hwLI/hqdefault.jpg
129,Dekhe Tujhe Jo Dekhe,Classical,qXO9PF9aQEQ,Kishor Kumar,https://i.ytimg.com/vi/qXO9PF9aQEQ/hqdefault.jpg
130,Dekho Dekhoji,Classical,43Dz-EJvdhY,Kishor Kumar,https://i.ytimg.com/vi/43Dz-EJvdhY/hqdefault.jpg
131,Dekho Hum Donon Ki Yari,Classical,iGuuf8x5e1g,Kishor Kumar,https://i.ytimg.com/vi/iGuuf8x5e1g/hqdefault.jpg
132,Dekho Idhar Dekho,Classical,kfhyU42W6ns,Kishor Kumar,https://i.ytimg.com/vi/kfhyU42W6ns/hqdefault.jpg
133,Dekho Idhar Janabe Man,Classical,Ahrg9ce_h3s,Kishor Kumar,https://i.ytimg.com/vi/Ahrg9ce_h3s/hqdefault.jpg
134,Dekho Idhar Jano Jigar,Classical,VzeMYDtegKs,Kishor Kumar,https://i.ytimg.com/vi/VzeMYDtegKs/hqdefault.jpg
135,Dekho Mera Janaja Nikla,Classical,7PBiqAyUIj0,Kishor Kumar,https://i.ytimg.com/vi/7PBiqAyUIj0/hqdefault.jpg
136,Dekho O Diwano,Classical,xl5AWfMZavA,Kishor Kumar,https://i.ytimg.com/vi/xl5AWfMZavA/hqdefault.jpg
137,Dil Se Dil Milne Ka,Classical,JcnjpVbasfA,Kishor Kumar,https://i.ytimg.com/vi/JcnjpVbasfA/hqdefault.jpg
138,Dekho Veer Jawano,Classical,3pgkcR-mqQ4,Kishor Kumar,https://i.ytimg.com/vi/3pgkcR-mqQ4/hqdefault.jpg
139,Dekho Yeh Mere Bandhe Haath,Classical,n683iFrOUtE,Kishor Kumar,https://i.ytimg.com/vi/n683iFrOUtE/hqdefault.jpg
140,Dekhta Hoon Koi Ladki Haseen,Classical,0f7892FcDas,Kishor Kumar,https://i.ytimg.com/vi/0f7892FcDas/hqdefault.jpg
141,Des Chhudaye Bhes Chhudaye,Classical,iZfM1irp4Ns,Kishor Kumar,https://i.ytimg.com/vi/iZfM1irp4Ns/hqdefault.jpg
142,Deva Ho Deva,Classical,mNuhKUOD_A0,Kishor Kumar,https://i.ytimg.com/vi/mNuhKUOD_A0/hqdefault.jpg
143,Devi O Baby Tu Banja,Classical,i5ZrQGwQ_Jk,Kishor Kumar,https://i.ytimg.com/vi/i5ZrQGwQ_Jk/hqdefault.jpg
144,Devta Mana Aur Pooja,Classical,7gaJLN3Gug0,Kishor Kumar,https://i.ytimg.com/vi/7gaJLN3Gug0/hqdefault.jpg
145,Dhal Gayi Rang Mein Teri,Classical,VHs7zxz2FR0,Kishor Kumar,https://i.ytimg.com/vi/VHs7zxz2FR0/hqdefault.jpg
146,Dheere Dheere Naach,Classical,sepFy-O3078,Kishor Kumar,https://i.ytimg.com/vi/sepFy-O3078/hqdefault.jpg
147,Dhoondha Tujhe Lakhon Me,Classical,WKLaph8z3jM,Kishor Kumar,https://i.ytimg.com/vi/WKLaph8z3jM/hqdefault.jpg
148,Dhoop Mein Nikla Na Karo,Classical,M-AH5yb82DU,Kishor Kumar,https://i.ytimg.com/vi/M-AH5yb82DU/hqdefault.jpg
149,Dil Se Mile Dil,Classical,XUw_cVh5t8I,Kishor Kumar,https://i.ytimg.com/vi/XUw_cVh5t8I/hqdefault.jpg
150,Dil Tera Hai Main Bhi Teri Hoon,Classical,Qg-3I-5phWc,Kishor Kumar,https://i.ytimg.com/vi/Qg-3I-5phWc/hqdefault.jpg
151,Dilbar Mere Kab Tak Muze,Classical,dDfx5xM7yno,Kishor Kumar,https://i.ytimg.com/vi/dDfx5xM7yno/hqdefault.jpg
152,Dillagi Ne Di Hawa,Classical,#NAME?,Kishor Kumar,https://i.ytimg.com/vi/-cqu07NUIi0/hqdefault.jpg
153,Dilwale Aaye Hai,Classical,59esPpakrGs,Kishor Kumar,https://i.ytimg.com/vi/59esPpakrGs/hqdefault.jpg
154,Din Jawani Ke Char Yar,Classical,k7nmIicMwz4,Kishor Kumar,https://i.ytimg.com/vi/k7nmIicMwz4/hqdefault.jpg
155,Din Mahine Sal,Classical,oDI5Lt2SYVI,Kishor Kumar,https://i.ytimg.com/vi/oDI5Lt2SYVI/hqdefault.jpg
156,Disco 82,Classical,n5-u3ImGKTo,Kishor Kumar,https://i.ytimg.com/vi/n5-u3ImGKTo/hqdefault.jpg
157,Diwana Main Hoon Tera,Classical,NvXXBVUP_g0,Kishor Kumar,https://i.ytimg.com/vi/NvXXBVUP_g0/hqdefault.jpg
158,Diye Jalte Hai,Classical,17AXtxleQZk,Kishor Kumar,https://i.ytimg.com/vi/17AXtxleQZk/hqdefault.jpg
159,Do Panchhi Do Tinke,Classical,3xm-k1dMjsc,Kishor Kumar,https://i.ytimg.com/vi/3xm-k1dMjsc/hqdefault.jpg
160,Duriyaa Nazdikiyan ban Gayi,Classical,7jRVIT5Tpj8,Kishor Kumar,https://i.ytimg.com/vi/7jRVIT5Tpj8/hqdefault.jpg
161,Dosaton Ko Salam,Classical,Co-U8scDM8s,Kishor Kumar,https://i.ytimg.com/vi/Co-U8scDM8s/hqdefault.jpg
162,Dream Girl,Classical,yQdVnvqI37M,Kishor Kumar,https://i.ytimg.com/vi/yQdVnvqI37M/hqdefault.jpg
163,Dukhi Man Mere,Classical,jzqj0FSm0Jo,Kishor Kumar,https://i.ytimg.com/vi/jzqj0FSm0Jo/hqdefault.jpg
164,Dukki Pe Dukki Ho,Classical,C-8TuDKTEIk,Kishor Kumar,https://i.ytimg.com/vi/C-8TuDKTEIk/hqdefault.jpg
165,Do Baate Pyar Bhari Kar Loon,Classical,9IYo4VAY6FA,Kishor Kumar,https://i.ytimg.com/vi/9IYo4VAY6FA/hqdefault.jpg
166,Dulha Dulhan Ki Jodi,Classical,bsLFO81kilo,Kishor Kumar,https://i.ytimg.com/vi/bsLFO81kilo/hqdefault.jpg
167,Duniya Bahut Hi Kamal hai,Classical,O1BJ89YCNrw,Kishor Kumar,https://i.ytimg.com/vi/O1BJ89YCNrw/hqdefault.jpg
168,Dum Tumhari Dum,Classical,VUEHK4jmjmw,Kishor Kumar,https://i.ytimg.com/vi/VUEHK4jmjmw/hqdefault.jpg
169,Duniya Dushman,Classical,5-fp6SYuRec,Kishor Kumar,https://i.ytimg.com/vi/5-fp6SYuRec/hqdefault.jpg
170,Duniya Faani Baheta Paani,Classical,89b8INnJkhw,Kishor Kumar,https://i.ytimg.com/vi/89b8INnJkhw/hqdefault.jpg
171,Duniya Muzase Kahati hai,Classical,ZcNvguUXxB8,Kishor Kumar,https://i.ytimg.com/vi/ZcNvguUXxB8/hqdefault.jpg
172,Duniyane Muze Tadapaya,Classical,LfzCL-48s5Y,Kishor Kumar,https://i.ytimg.com/vi/LfzCL-48s5Y/hqdefault.jpg
173,Duniya O Duniya Tera,Classical,1PrBHeXfIVk,Kishor Kumar,https://i.ytimg.com/vi/1PrBHeXfIVk/hqdefault.jpg
174,Ee Hai bambai Nagariya,Classical,35z1z4mPXmY,Kishor Kumar,https://i.ytimg.com/vi/35z1z4mPXmY/hqdefault.jpg
175,Eena Meena Dika,Classical,Se1EZCE_zLo,Kishor Kumar,https://i.ytimg.com/vi/Se1EZCE_zLo/hqdefault.jpg
176,Ek Aankh Maru Toh,Classical,xeqJU7PLseg,Kishor Kumar,https://i.ytimg.com/vi/xeqJU7PLseg/hqdefault.jpg
177,Ek Ajanabee Hasina Se,Classical,H7Y5a7Y-jng,Kishor Kumar,https://i.ytimg.com/vi/H7Y5a7Y-jng/hqdefault.jpg
178,Ek Baar Muskura do,Classical,B-Nf2jK44ZU,Kishor Kumar,https://i.ytimg.com/vi/B-Nf2jK44ZU/hqdefault.jpg
179,Ek Chatur Naar Karake Singar,Classical,lGfTQ-YFjIE,Kishor Kumar,https://i.ytimg.com/vi/lGfTQ-YFjIE/hqdefault.jpg
180,Ek Chhokariya,Classical,XGb1RpeUO5I,Kishor Kumar,https://i.ytimg.com/vi/XGb1RpeUO5I/hqdefault.jpg
181,Ek Dhoondho Milte Hai Hajaron,Classical,JVke25NQ8ao,Kishor Kumar,https://i.ytimg.com/vi/JVke25NQ8ao/hqdefault.jpg
182,Ek Din Bik Jayega,Classical,Zuiup_NOYh8,Kishor Kumar,https://i.ytimg.com/vi/Zuiup_NOYh8/hqdefault.jpg
183,Ek Din Sapaneme Dekha Sapanaa,Classical,tSNjNeXHHiQ,Kishor Kumar,https://i.ytimg.com/vi/tSNjNeXHHiQ/hqdefault.jpg
184,Ek Ek Do Do,Classical,XMdZSQ9Rr3w,Kishor Kumar,https://i.ytimg.com/vi/XMdZSQ9Rr3w/hqdefault.jpg
185,Ek Ek Ho Jaye Phir Ghar Chale jana,Classical,3wOlcOMrYZ8,Kishor Kumar,https://i.ytimg.com/vi/3wOlcOMrYZ8/hqdefault.jpg
186,Ek haseena Thi,Classical,47Tsuz5OhBU,Kishor Kumar,https://i.ytimg.com/vi/47Tsuz5OhBU/hqdefault.jpg
187,Ek Ladki Bhigi Bhagi si,Classical,kBKA3g8WTuE,Kishor Kumar,https://i.ytimg.com/vi/kBKA3g8WTuE/hqdefault.jpg
188,Ek Main Aur Ek Tu,Classical,pw59ySNWAjs,Kishor Kumar,https://i.ytimg.com/vi/pw59ySNWAjs/hqdefault.jpg
189,Ek Mutthi Aasaman,Classical,5n0cjSqNWCQ,Kishor Kumar,https://i.ytimg.com/vi/5n0cjSqNWCQ/hqdefault.jpg
190,Ek Nahin Do Nahin,Classical,DsQ7DMRG6eQ,Kishor Kumar,https://i.ytimg.com/vi/DsQ7DMRG6eQ/hqdefault.jpg
191,Pyar ko Chahiye kya Ek najar,Classical,YR1TofZXiJE,Kishor Kumar,https://i.ytimg.com/vi/YR1TofZXiJE/hqdefault.jpg
192,Ek Paheli Hai Tu,Classical,elUR827C-W4,Kishor Kumar,https://i.ytimg.com/vi/elUR827C-W4/hqdefault.jpg
193,Ek Rasta Do Rahi,Classical,#NAME?,Kishor Kumar,https://i.ytimg.com/vi/-uF-SvVu_xI/hqdefault.jpg
194,Ek Rutu Aaye Ek Rutu Jaye,Classical,rel4AwzxyTA,Kishor Kumar,https://i.ytimg.com/vi/rel4AwzxyTA/hqdefault.jpg
195,Ek Roj main Tadapkar,Classical,6jynePl_wWQ,Kishor Kumar,https://i.ytimg.com/vi/6jynePl_wWQ/hqdefault.jpg
196,Ek Sawal hai,Classical,9bx1uTmsoP8,Kishor Kumar,https://i.ytimg.com/vi/9bx1uTmsoP8/hqdefault.jpg
197,Ga Ga Ga Gayeja,Classical,NFEUpZWUm4E,Kishor Kumar,https://i.ytimg.com/vi/NFEUpZWUm4E/hqdefault.jpg
198,Gadi Bula Rahi Hai,Classical,iIqSwZ-qCKs,Kishor Kumar,https://i.ytimg.com/vi/iIqSwZ-qCKs/hqdefault.jpg
199,Gata Rahe Mera Dil,Classical,63l_CnFV4Cw,Kishor Kumar,https://i.ytimg.com/vi/63l_CnFV4Cw/hqdefault.jpg
200,Gali Gali Shor,Classical,JGwWNGJdvx8,Kishor Kumar,https://store.playstation.com/store/api/chihiro/00_09_000/container/IN/en/99/EP2402-CUSA05624_00-AV00000000000068/0/image?_version=00_09_000&platform=chihiro&bg_color=000000&opacity=100&w=720&h=720
201,Galiyon Galiyon,Classical,awuEUYe79jQ,Kishor Kumar,https://i.ytimg.com/vi/awuEUYe79jQ/hqdefault.jpg
202,Gana Na Aaya,Classical,ttVhmuI1390,Kishor Kumar,https://i.ytimg.com/vi/ttVhmuI1390/hqdefault.jpg
203,Ganga Ghat ka Pani Piya Hai,Classical,d1t1d-gsKio,Kishor Kumar,https://i.ytimg.com/vi/d1t1d-gsKio/hqdefault.jpg
204,Gao Senorita Geet Pyar Ke,Classical,PNnLra2YSu8,Kishor Kumar,https://i.ytimg.com/vi/PNnLra2YSu8/hqdefault.jpg
205,Gaon Galiyon Fulo Kaliyon,Classical,NKLkQ3cNYaw,Kishor Kumar,https://i.ytimg.com/vi/NKLkQ3cNYaw/hqdefault.jpg
206,Gaon Mein Mach Gaya Shor,Classical,YOnDAXC1vJA,Kishor Kumar,https://i.ytimg.com/vi/YOnDAXC1vJA/hqdefault.jpg
207,Gayi Kam Se Gayi ye Ladki,Classical,1ikql53vw_I,Kishor Kumar,https://i.ytimg.com/vi/1ikql53vw_I/hqdefault.jpg
208,Ge Ge Geli Zara Timbaktu Kathamandu,Classical,gRLCXoxYLvk,Kishor Kumar,https://i.ytimg.com/vi/gRLCXoxYLvk/hqdefault.jpg
209,Geet Gata Hoon Main,Classical,Ays7xJK8UF8,Kishor Kumar,https://i.ytimg.com/vi/Ays7xJK8UF8/hqdefault.jpg
210,Ghere Halke Halke Ghere,Classical,1r6JyJYK2gI,Kishor Kumar,https://i.ytimg.com/vi/1r6JyJYK2gI/hqdefault.jpg
211,Gham Ka Phasana,Classical,CwrsRAZHE3Q,Kishor Kumar,https://i.ytimg.com/vi/CwrsRAZHE3Q/hqdefault.jpg
212,Gharse Chali Thi Main,Classical,qn60uJt6ecA,Kishor Kumar,https://i.ytimg.com/vi/qn60uJt6ecA/hqdefault.jpg
213,Ghungaroo ki Tarah Bajata Hi Raha,Classical,M0xHzZi7ke0,Kishor Kumar,https://i.ytimg.com/vi/M0xHzZi7ke0/hqdefault.jpg
214,Gir Gaya Zumka Girne Do,Classical,MPc9qDJiGng,Kishor Kumar,https://i.ytimg.com/vi/MPc9qDJiGng/hqdefault.jpg
215,Gokul Ki Galiyonka Gwala,Classical,BKG_L_endTI,Kishor Kumar,https://i.ytimg.com/vi/BKG_L_endTI/hqdefault.jpg
216,Goli Andar Dam Bahar,Classical,QeJ72LPb5Jo,Kishor Kumar,https://i.ytimg.com/vi/QeJ72LPb5Jo/hqdefault.jpg
217,Goom Hai Kisike Pyar mein,Classical,YeCVu7ubGkI,Kishor Kumar,https://i.ytimg.com/vi/YeCVu7ubGkI/hqdefault.jpg
218,Gore Rang Pe Na Itana,Classical,QA2MOxhMXtU,Kishor Kumar,https://i.ytimg.com/vi/QA2MOxhMXtU/hqdefault.jpg
219,Gori Gori Gaon Ki Gori Re,Classical,GDAGcnFCX3w,Kishor Kumar,https://i.ytimg.com/vi/GDAGcnFCX3w/hqdefault.jpg
220,Gori Ho Kali Ho,Classical,SI7kvN97Dys,Kishor Kumar,https://i.ytimg.com/vi/SI7kvN97Dys/hqdefault.jpg
221,Gori Tere Ang Ang Mein,Classical,mN55JaNvzPg,Kishor Kumar,https://i.ytimg.com/vi/mN55JaNvzPg/hqdefault.jpg
222,Gori Teri Javani Pe,Classical,7FS9HV8IxnU,Kishor Kumar,https://i.ytimg.com/vi/7FS9HV8IxnU/hqdefault.jpg
223,Goriya Hamen Jeena Teri Gali Mein,Classical,uzoXtxUiobw,Kishor Kumar,https://i.ytimg.com/vi/uzoXtxUiobw/hqdefault.jpg
224,Gulmoharr Gar Tumhara Nam Hota,Classical,unuLgTS6D7w,Kishor Kumar,https://i.ytimg.com/vi/unuLgTS6D7w/hqdefault.jpg
225,Gumsum Si Khoi Khoi,Classical,Ku72XUiE25o,Kishor Kumar,https://i.ytimg.com/vi/Ku72XUiE25o/hqdefault.jpg
226,Guni Jano Bhakt Jano,Classical,Etx0Y5YmACs,Kishor Kumar,https://i.ytimg.com/vi/Etx0Y5YmACs/hqdefault.jpg
227,Gussa Chhodh Di Na Tod,Classical,czJVXyWZoMY,Kishor Kumar,https://i.ytimg.com/vi/czJVXyWZoMY/hqdefault.jpg
228,Gussa Itana Haseen Hai To,Classical,mIuuYlVWXHM,Kishor Kumar,https://i.ytimg.com/vi/mIuuYlVWXHM/hqdefault.jpg
229,Ha Paheli Bar Ek Ladki Mera,Classical,Ga9RE51MylA,Kishor Kumar,https://i.ytimg.com/vi/Ga9RE51MylA/hqdefault.jpg
230,Hal Chal Thik Thak Hai,Classical,oZZMehyXpds,Kishor Kumar,https://i.ytimg.com/vi/oZZMehyXpds/hqdefault.jpg
231,Hal Kaisa Hai Janab ka,Classical,TEO1Pvwdl3Y,Kishor Kumar,https://i.ytimg.com/vi/TEO1Pvwdl3Y/hqdefault.jpg
232,Hal Kya Hai Dilon Ka,Classical,xpoccSwPNMQ,Kishor Kumar,https://i.ytimg.com/vi/xpoccSwPNMQ/hqdefault.jpg
233,Hal Tujhe Apni Duniya Ka,Classical,bKOeMFRNopU,Kishor Kumar,https://i.ytimg.com/vi/bKOeMFRNopU/hqdefault.jpg
234,Haay Kya Soch Rahi Ho,Classical,Djw_pg8E0qQ,Kishor Kumar,https://i.ytimg.com/vi/Djw_pg8E0qQ/hqdefault.jpg
235,Halke Se Kasak Masak,Classical,4FQPzU9qzwc,Kishor Kumar,https://i.ytimg.com/vi/4FQPzU9qzwc/hqdefault.jpg
236,Ham Lafange Hai,Classical,P3_Yz44pILQ,Kishor Kumar,https://i.ytimg.com/vi/P3_Yz44pILQ/hqdefault.jpg
237,Hamara Nam Banarasi Babu,Classical,_WedMrdzhrs,Kishor Kumar,https://i.ytimg.com/vi/_WedMrdzhrs/hqdefault.jpg
238,Hamare Sang Sang Chale Ganga Ki Lahare,Classical,JKnEaLR5zW8,Kishor Kumar,https://i.ytimg.com/vi/JKnEaLR5zW8/hqdefault.jpg
239,Hum to aap ke divane hai,Classical,_AKl6jp063E,Kishor Kumar,https://i.ytimg.com/vi/_AKl6jp063E/hqdefault.jpg
240,Hum to Muhobbat Karega,Classical,1jU3Er8VM0U,Kishor Kumar,https://i.ytimg.com/vi/1jU3Er8VM0U/hqdefault.jpg
241,Hamrahi Manjil Ke Aao Chale,Classical,QnwqGwmm0mY,Kishor Kumar,https://i.ytimg.com/vi/QnwqGwmm0mY/hqdefault.jpg
242,Hans Ke Pukar,Classical,Dq_FN_XcblE,Kishor Kumar,https://i.ytimg.com/vi/Dq_FN_XcblE/hqdefault.jpg
243,Hasten Jana Tum,Classical,h0hpI4ype9A,Kishor Kumar,https://i.ytimg.com/vi/h0hpI4ype9A/hqdefault.jpg
244,Har Chori rani Hiya,Classical,RlGYIBFafuQ,Kishor Kumar,https://i.ytimg.com/vi/RlGYIBFafuQ/hqdefault.jpg
245,Har Haseen Cheez Ka,Classical,rsuzrIVoFYY,Kishor Kumar,https://i.ytimg.com/vi/rsuzrIVoFYY/hqdefault.jpg
246,Har Koi Chahata Hai,Classical,_h27mSJna9w,Kishor Kumar,https://i.ytimg.com/vi/_h27mSJna9w/hqdefault.jpg
247,hasino ki ye Shaam hai,Classical,ERs8faUBSBQ,Kishor Kumar,https://i.ytimg.com/vi/ERs8faUBSBQ/hqdefault.jpg
248,Hasarat Hi Rahi Hamse Bhi Kabhi,Classical,rwN-fSzR91A,Kishor Kumar,https://i.ytimg.com/vi/rwN-fSzR91A/hqdefault.jpg
249,Hat Ja Babu Nahi to Uda dunga,Classical,rsjfAMs75lM,Kishor Kumar,https://i.ytimg.com/vi/rsjfAMs75lM/hqdefault.jpg
250,Hum Tumse Mile,Classical,OJxoJxfSti0,Kishor Kumar,https://i.ytimg.com/vi/OJxoJxfSti0/hqdefault.jpg
251,Hawa Pichhale Pahar,Classical,P3QqhvqnyJ8,Kishor Kumar,https://i.ytimg.com/vi/P3QqhvqnyJ8/hqdefault.jpg
252,Hawaaon Pe Likh Do,Classical,ma3F6XIFtVk,Kishor Kumar,https://i.ytimg.com/vi/ma3F6XIFtVk/hqdefault.jpg
253,Hay Hay Yeh Nigahen,Classical,3EoQ0XqOp3s,Kishor Kumar,https://i.ytimg.com/vi/3EoQ0XqOp3s/hqdefault.jpg
254,Hay Re Hay Re Ye Dil Mera,Classical,Y8p8iO6YWIE,Kishor Kumar,https://i.ytimg.com/vi/Y8p8iO6YWIE/hqdefault.jpg
255,Haye Rama Haye Rama,Classical,_cXRTu_C4P4,Kishor Kumar,https://i.ytimg.com/vi/_cXRTu_C4P4/hqdefault.jpg
256,Haye Re Haye tera Ghungta,Classical,H0iG8xZ6ysY,Kishor Kumar,https://i.ytimg.com/vi/H0iG8xZ6ysY/hqdefault.jpg
257,Hazaar Rahen MudKe Dekhin,Classical,txQnbKw60io,Kishor Kumar,https://i.ytimg.com/vi/txQnbKw60io/hqdefault.jpg
258,He Gori Banke Chhori,Classical,h8MZTYLOjvo,Kishor Kumar,https://i.ytimg.com/vi/h8MZTYLOjvo/hqdefault.jpg
259,He Jhoome re Jhoome Dil Mera,Classical,2z1XIRQ5jzc,Kishor Kumar,https://i.ytimg.com/vi/2z1XIRQ5jzc/hqdefault.jpg
260,He re Kanhaiya,Classical,KjGV1pcnD4o,Kishor Kumar,https://i.ytimg.com/vi/KjGV1pcnD4o/hqdefault.jpg
261,He Suno Meri Baat,Classical,FxE38JmElYI,Kishor Kumar,https://i.ytimg.com/vi/FxE38JmElYI/hqdefault.jpg
262,Hello Darling,Classical,w0GEpAJ7H5Y,Kishor Kumar,https://i.ytimg.com/vi/w0GEpAJ7H5Y/hqdefault.jpg
263,Hello Hello Ji Kaho Kya Hai Ji,Classical,gmBcNegNhEI,Kishor Kumar,https://i.ytimg.com/vi/gmBcNegNhEI/hqdefault.jpg
264,Hey Babu Yeh hai Jamana,Classical,uFaXU9V4Yds,Kishor Kumar,https://i.ytimg.com/vi/uFaXU9V4Yds/hqdefault.jpg
265,Hey Chor Ko Pakado,Classical,kCOVEwJuemE,Kishor Kumar,https://i.ytimg.com/vi/kCOVEwJuemE/hqdefault.jpg
266,Hey Devdas Nahin Nahin Main Chandanidas,Classical,XUJxvM-p0m0,Kishor Kumar,https://i.ytimg.com/vi/XUJxvM-p0m0/hqdefault.jpg
267,Hey Maine Kasam Li,Classical,iK-47NF7cTU,Kishor Kumar,https://i.ytimg.com/vi/iK-47NF7cTU/hqdefault.jpg
268,Hindu Hoon main Na Musalman,Classical,2imVNbLLRBA,Kishor Kumar,https://i.ytimg.com/vi/2imVNbLLRBA/hqdefault.jpg
269,Hum The Who Thi,Classical,k7S79fOgikc,Kishor Kumar,https://i.ytimg.com/vi/k7S79fOgikc/hqdefault.jpg
270,93 'Til Infinity,EnglishHipHop,fXJc2NYwHjw,Kishor Kumar,https://i.ytimg.com/vi/fXJc2NYwHjw/hqdefault.jpg
271,Ain't No Half-Steppin',EnglishHipHop,kfH2JqiRy-8,Kishor Kumar,https://i.ytimg.com/vi/kfH2JqiRy-8/hqdefault.jpg
272,All Falls Down,EnglishHipHop,6RLLOEzdxsM,Kishor Kumar,https://i.ytimg.com/vi/6RLLOEzdxsM/hqdefault.jpg
273,All of the Lights,EnglishHipHop,HAfFfqiYLp0,Kishor Kumar,https://i.ytimg.com/vi/HAfFfqiYLp0/hqdefault.jpg
274,Baby Got Back,EnglishHipHop,X53ZSxkQ3Ho,Kishor Kumar,https://i.ytimg.com/vi/X53ZSxkQ3Ho/hqdefault.jpg
275,Back That Azz Up,EnglishHipHop,FYqmQPklI_0,Kishor Kumar,https://i.ytimg.com/vi/FYqmQPklI_0/hqdefault.jpg
276,Bad and Boujee,EnglishHipHop,S-sJp1FfG7Q,Kishor Kumar,https://i.ytimg.com/vi/S-sJp1FfG7Q/hqdefault.jpg
277,Big Poppa,EnglishHipHop,phaJXp_zMYM,Kishor Kumar,https://i.ytimg.com/vi/phaJXp_zMYM/hqdefault.jpg
278,"Bitch, Don't Kill My Vibe",EnglishHipHop,GF8aaTu2kg0,Kishor Kumar,https://i.ytimg.com/vi/GF8aaTu2kg0/hqdefault.jpg
279,Bonita Applebum,EnglishHipHop,6xE6ZWwJezg,Kishor Kumar,https://i.ytimg.com/vi/6xE6ZWwJezg/hqdefault.jpg
280,California Love,EnglishHipHop,rSxTumD4kew,Kishor Kumar,https://i.ytimg.com/vi/rSxTumD4kew/hqdefault.jpg
281,Can I Kick It?,EnglishHipHop,O3pyCGnZzYA,Kishor Kumar,https://i.ytimg.com/vi/O3pyCGnZzYA/hqdefault.jpg
282,CREAM,EnglishHipHop,R62XKEmj4BA,Kishor Kumar,https://i.ytimg.com/vi/R62XKEmj4BA/hqdefault.jpg
283,Crank That (Soulja Boy),EnglishHipHop,8UFIYGkROII,Kishor Kumar,https://i.ytimg.com/vi/8UFIYGkROII/hqdefault.jpg
284,Dear Mama,EnglishHipHop,4wub_PF4Oaw,Kishor Kumar,https://i.ytimg.com/vi/4wub_PF4Oaw/hqdefault.jpg
285,Digital Underground,EnglishHipHop,CmFDyZ3ytg8,Kishor Kumar,https://i.ytimg.com/vi/CmFDyZ3ytg8/hqdefault.jpg
286,Dive,EnglishHipHop,Wv2rLZmbPMA,Kishor Kumar,https://i.ytimg.com/vi/Wv2rLZmbPMA/hqdefault.jpg
287,Don't Believe the Hype,EnglishHipHop,9vQaVIoEjOM,Kishor Kumar,https://i.ytimg.com/vi/9vQaVIoEjOM/hqdefault.jpg
288,Doo Wop (That Thing),EnglishHipHop,T6QKqFPRZSA,Kishor Kumar,https://i.ytimg.com/vi/T6QKqFPRZSA/hqdefault.jpg
289,Empire State of Mind,EnglishHipHop,vk6014HuxcE,Kishor Kumar,https://i.ytimg.com/vi/vk6014HuxcE/hqdefault.jpg
290,Fight for Your Right,EnglishHipHop,eBShN8qT4lk,Kishor Kumar,https://i.ytimg.com/vi/eBShN8qT4lk/hqdefault.jpg
291,Flava in Ya Ear,EnglishHipHop,PMbELEUfmIA,Kishor Kumar,https://i.ytimg.com/vi/PMbELEUfmIA/hqdefault.jpg
292,Gangsta's Paradise,EnglishHipHop,fPO76Jlnz6c,Kishor Kumar,https://i.ytimg.com/vi/fPO76Jlnz6c/hqdefault.jpg
293,Gin and Juice,EnglishHipHop,fWCZse1iwE0,Kishor Kumar,https://i.ytimg.com/vi/fWCZse1iwE0/hqdefault.jpg
294,Gold Digger,EnglishHipHop,bIxdEVEDg8s,Kishor Kumar,https://i.ytimg.com/vi/bIxdEVEDg8s/hqdefault.jpg
295,Good Life,EnglishHipHop,FG9M0aEpJGE,Kishor Kumar,https://i.ytimg.com/vi/FG9M0aEpJGE/hqdefault.jpg
296,Hard Knock Life,EnglishHipHop,LH6MstVxehQ,Kishor Kumar,https://i.ytimg.com/vi/LH6MstVxehQ/hqdefault.jpg
297,Hey Ya!,EnglishHipHop,mXg0b5xRfYg,Kishor Kumar,https://i.ytimg.com/vi/mXg0b5xRfYg/hqdefault.jpg
298,Hip Hop,EnglishHipHop,uaCYeQ9FtSI,Kishor Kumar,https://i.ytimg.com/vi/uaCYeQ9FtSI/hqdefault.jpg
299,Hit 'Em Up,EnglishHipHop,41qC3w3UUkU,Kishor Kumar,https://i.ytimg.com/vi/41qC3w3UUkU/hqdefault.jpg
300,Hot in Herre,EnglishHipHop,GeZZr_p6vB8,Kishor Kumar,https://i.ytimg.com/vi/GeZZr_p6vB8/hqdefault.jpg
301,HUMBLE.,EnglishHipHop,tvTRZJ-4EyI,Kishor Kumar,https://i.ytimg.com/vi/tvTRZJ-4EyI/hqdefault.jpg
302,Hypnotize,EnglishHipHop,t4EyMMxGTzI,Kishor Kumar,https://i.ytimg.com/vi/t4EyMMxGTzI/hqdefault.jpg
303,I Can,EnglishHipHop,RvVfgvHucRY,Kishor Kumar,https://i.ytimg.com/vi/RvVfgvHucRY/hqdefault.jpg
304,I Get Around,EnglishHipHop,YqJAnQTwmJs,Kishor Kumar,https://i.ytimg.com/vi/YqJAnQTwmJs/hqdefault.jpg
305,I'll Be Missing You,EnglishHipHop,NKMtZm2YuBE,Kishor Kumar,https://i.ytimg.com/vi/NKMtZm2YuBE/hqdefault.jpg
306,In Da Club,EnglishHipHop,5qm8PH4xAss,Kishor Kumar,https://i.ytimg.com/vi/5qm8PH4xAss/hqdefault.jpg
307,It Was a Good Day,EnglishHipHop,h4UqMyldS7Q,Kishor Kumar,https://i.ytimg.com/vi/h4UqMyldS7Q/hqdefault.jpg
308,It's Tricky,EnglishHipHop,l-O5IHVhWj0,Kishor Kumar,https://i.ytimg.com/vi/l-O5IHVhWj0/hqdefault.jpg
309,Juicy,EnglishHipHop,B8m13GKPp_s,Kishor Kumar,https://i.ytimg.com/vi/B8m13GKPp_s/hqdefault.jpg
310,Keep Ya Head Up,EnglishHipHop,fAJfDP3b5_U,Kishor Kumar,https://i.ytimg.com/vi/fAJfDP3b5_U/hqdefault.jpg
311,Lose Yourself,EnglishHipHop,_Yhyp-_hX2s,Kishor Kumar,https://i.ytimg.com/vi/_Yhyp-_hX2s/hqdefault.jpg
312,Love Lockdown,EnglishHipHop,HZwMX6T5Jhk,Kishor Kumar,https://i.ytimg.com/vi/HZwMX6T5Jhk/hqdefault.jpg
313,Mama Said Knock You Out,EnglishHipHop,vimZj8HW0Kg,Kishor Kumar,https://i.ytimg.com/vi/vimZj8HW0Kg/hqdefault.jpg
314,Money Longer,EnglishHipHop,8daN5lEfHtg,Kishor Kumar,https://i.ytimg.com/vi/8daN5lEfHtg/hqdefault.jpg
315,Mo Money Mo Problems,EnglishHipHop,gUhRKVIjJtw,Kishor Kumar,https://i.ytimg.com/vi/gUhRKVIjJtw/hqdefault.jpg
316,Ms. Jackson,EnglishHipHop,CSD2J8yaMmM,Kishor Kumar,https://i.ytimg.com/vi/CSD2J8yaMmM/hqdefault.jpg
317,My Name Is,EnglishHipHop,pifBpLAun6U,Kishor Kumar,https://i.ytimg.com/vi/pifBpLAun6U/hqdefault.jpg
318,N.Y. State of Mind,EnglishHipHop,hI8A14Qcv68,Kishor Kumar,https://i.ytimg.com/vi/hI8A14Qcv68/hqdefault.jpg
319,No Diggity,EnglishHipHop,IRgNDaNfci4,Kishor Kumar,https://i.ytimg.com/vi/IRgNDaNfci4/hqdefault.jpg
320,Nuthin' But a G Thang,EnglishHipHop,8GliyDgAGQI,Kishor Kumar,https://i.ytimg.com/vi/8GliyDgAGQI/hqdefault.jpg
321,O.P.P.,EnglishHipHop,idx3GSL2KWs,Kishor Kumar,https://i.ytimg.com/vi/idx3GSL2KWs/hqdefault.jpg
322,Passin' Me By,EnglishHipHop,a-mAK3uB2_0,Kishor Kumar,https://i.ytimg.com/vi/a-mAK3uB2_0/hqdefault.jpg
323,Push It,EnglishHipHop,vCadcBR95oU,Kishor Kumar,https://i.ytimg.com/vi/vCadcBR95oU/hqdefault.jpg
324,Regulate,EnglishHipHop,1plPyJdXKIY,Kishor Kumar,https://i.ytimg.com/vi/1plPyJdXKIY/hqdefault.jpg
325,Ruff Ryders' Anthem,EnglishHipHop,ThlhSnRk21E,Kishor Kumar,https://i.ytimg.com/vi/ThlhSnRk21E/hqdefault.jpg
326,Shook Ones Pt. II,EnglishHipHop,yoYZf-lBF_U,Kishor Kumar,https://i.ytimg.com/vi/yoYZf-lBF_U/hqdefault.jpg
327,Still D.R.E.,EnglishHipHop,_CL6n0FJZpk,Kishor Kumar,https://i.ytimg.com/vi/_CL6n0FJZpk/hqdefault.jpg
328,Straight Outta Compton,EnglishHipHop,TMZi25Pq3T8,Kishor Kumar,https://i.ytimg.com/vi/TMZi25Pq3T8/hqdefault.jpg
329,Stronger,EnglishHipHop,PsO6ZnUZI0g,Kishor Kumar,https://i.ytimg.com/vi/PsO6ZnUZI0g/hqdefault.jpg
330,Super Bass,EnglishHipHop,4JipHEz53sU,Kishor Kumar,https://i.ytimg.com/vi/4JipHEz53sU/hqdefault.jpg
331,Superstar,EnglishHipHop,IuL-IN2mkbo,Kishor Kumar,https://i.ytimg.com/vi/IuL-IN2mkbo/hqdefault.jpg
332,The Message,EnglishHipHop,TW_NvPoYeP4,Kishor Kumar,https://i.ytimg.com/vi/TW_NvPoYeP4/hqdefault.jpg
333,The Next Episode,EnglishHipHop,QZXc39hT8t4,Kishor Kumar,https://i.ytimg.com/vi/QZXc39hT8t4/hqdefault.jpg
334,The Real Slim Shady,EnglishHipHop,eJO5HU_7_1w,Kishor Kumar,https://i.ytimg.com/vi/eJO5HU_7_1w/hqdefault.jpg
335,They Reminisce Over You (T.R.O.Y.),EnglishHipHop,k6mdRv0ZdR8,Kishor Kumar,https://i.ytimg.com/vi/k6mdRv0ZdR8/hqdefault.jpg
336,This Is How We Do It,EnglishHipHop,0hiUuL5uTKc,Kishor Kumar,https://i.ytimg.com/vi/0hiUuL5uTKc/hqdefault.jpg
337,Thuggish Ruggish Bone,EnglishHipHop,2tzSjtuMGOQ,Kishor Kumar,https://i.ytimg.com/vi/2tzSjtuMGOQ/hqdefault.jpg
338,T.R.O.Y.,EnglishHipHop,_z5UKystdZg,Kishor Kumar,https://i.ytimg.com/vi/_z5UKystdZg/hqdefault.jpg
339,U Can't Touch This,EnglishHipHop,otCpCn0l4Wo,Kishor Kumar,https://i.ytimg.com/vi/otCpCn0l4Wo/hqdefault.jpg
340,Walk This Way,EnglishHipHop,4B_UYYPb-Gk,Kishor Kumar,https://i.ytimg.com/vi/4B_UYYPb-Gk/hqdefault.jpg
341,Watch Out Now,EnglishHipHop,e-TsLuQz3kk,Kishor Kumar,https://i.ytimg.com/vi/e-TsLuQz3kk/hqdefault.jpg
342,What's the 411?,EnglishHipHop,PmygGR8rSVI,Kishor Kumar,https://i.ytimg.com/vi/PmygGR8rSVI/hqdefault.jpg
343,Whatta Man,EnglishHipHop,jsBt4QNIjV4,Kishor Kumar,https://i.ytimg.com/vi/jsBt4QNIjV4/hqdefault.jpg
344,Wu-Tang Clan Ain't Nuthing ta Fuck Wit,EnglishHipHop,G1GdDt5mrqo,Kishor Kumar,https://i.ytimg.com/vi/G1GdDt5mrqo/hqdefault.jpg
345,You Can't Stop the Reign,EnglishHipHop,HFc0iVlCEPY,Kishor Kumar,https://i.ytimg.com/vi/HFc0iVlCEPY/hqdefault.jpg
346,You Got Me,EnglishHipHop,MJCHeEQV454,Kishor Kumar,https://i.ytimg.com/vi/MJCHeEQV454/hqdefault.jpg
347,You're All I Need to Get By,EnglishHipHop,MJeuLdS3i6M,Kishor Kumar,https://i.ytimg.com/vi/MJeuLdS3i6M/hqdefault.jpg
348,ZOOM,EnglishHipHop,6j928wBZ_Bo,Kishor Kumar,https://i.ytimg.com/vi/6j928wBZ_Bo/hqdefault.jpg
349,Sher Aaya Sher,HindiHipHop,M81wneSjQbA,Kishor Kumar,https://i.ytimg.com/vi/M81wneSjQbA/hqdefault.jpg
350,Aafat,HindiHipHop,VICFSC7_kvw,Kishor Kumar,https://i.ytimg.com/vi/VICFSC7_kvw/hqdefault.jpg
351,Mere Gully Mein,HindiHipHop,pGmbUdf6lEM,Kishor Kumar,https://i.ytimg.com/vi/pGmbUdf6lEM/hqdefault.jpg
352,Kaam 25,HindiHipHop,ATf05n5LBHQ,Kishor Kumar,https://i.ytimg.com/vi/ATf05n5LBHQ/hqdefault.jpg
353,Machayenge,HindiHipHop,7tNPxY_ntEA,Kishor Kumar,https://i.ytimg.com/vi/7tNPxY_ntEA/hqdefault.jpg
354,Ab Teri Baari,HindiHipHop,858lvkopFOw,Kishor Kumar,https://i.ytimg.com/vi/858lvkopFOw/hqdefault.jpg
355,Seedhe Maut,HindiHipHop,dm2RHGYRtas,Kishor Kumar,https://i.ytimg.com/vi/dm2RHGYRtas/hqdefault.jpg
356,Kya Bolta Bantai,HindiHipHop,zwgLFqHMyFU,Kishor Kumar,https://i.ytimg.com/vi/zwgLFqHMyFU/hqdefault.jpg
357,Paise Nahi Hai,HindiHipHop,3uZpXIAqKdU,Kishor Kumar,https://i.ytimg.com/vi/3uZpXIAqKdU/hqdefault.jpg
358,On My Way,HindiHipHop,dhYOPzcsbGM,Kishor Kumar,https://i.ytimg.com/vi/dhYOPzcsbGM/hqdefault.jpg
359,Kahan Hai Tu,HindiHipHop,Dm0Io9-BQB8,Kishor Kumar,https://i.ytimg.com/vi/Dm0Io9-BQB8/hqdefault.jpg
360,Dilli Waali Baatcheet,HindiHipHop,cTgtI2aJpww,Kishor Kumar,https://i.ytimg.com/vi/cTgtI2aJpww/hqdefault.jpg
361,Mumbai Ka Shahar,HindiHipHop,7nZ8Vq8c8IE,Kishor Kumar,https://i.ytimg.com/vi/7nZ8Vq8c8IE/hqdefault.jpg
362,Jeet,HindiHipHop,npB5j1qC1so,Kishor Kumar,https://i.ytimg.com/vi/npB5j1qC1so/hqdefault.jpg
363,Ye Diss Gaana Nahi Hai,HindiHipHop,uykOHAhId0Q,Kishor Kumar,https://i.ytimg.com/vi/uykOHAhId0Q/hqdefault.jpg
364,Out Of Sampark,HindiHipHop,1eU7FoXh364,Kishor Kumar,https://i.ytimg.com/vi/1eU7FoXh364/hqdefault.jpg
365,Haq Hai,HindiHipHop,Xq4Y4vXsWEA,Kishor Kumar,https://i.ytimg.com/vi/Xq4Y4vXsWEA/hqdefault.jpg
366,Farak,HindiHipHop,hqn0cxi2d0A,Kishor Kumar,https://i.ytimg.com/vi/hqn0cxi2d0A/hqdefault.jpg
367,Scene Kya Hai,HindiHipHop,4zYOO4F1ecw,Kishor Kumar,https://i.ytimg.com/vi/4zYOO4F1ecw/hqdefault.jpg
368,Vakil Sahab,HindiHipHop,fqM8DJIZIDw,Kishor Kumar,https://i.ytimg.com/vi/fqM8DJIZIDw/hqdefault.jpg
369,Tu Aagaya,HindiHipHop,y-k_ofefdkk,Kishor Kumar,https://i.ytimg.com/vi/y-k_ofefdkk/hqdefault.jpg
370,Barse La Paani,HindiHipHop,PH-yVstpcag,Kishor Kumar,https://i.ytimg.com/vi/PH-yVstpcag/hqdefault.jpg
371,Kalamkaar,HindiHipHop,Ti672qI6wBk,Kishor Kumar,https://i.ytimg.com/vi/Ti672qI6wBk/hqdefault.jpg
372,Main Sharaabi,HindiHipHop,tnrnRQb8v-M,Kishor Kumar,https://i.ytimg.com/vi/tnrnRQb8v-M/hqdefault.jpg
373,Nahi Pata,HindiHipHop,L7utrVISBzo,Kishor Kumar,https://i.ytimg.com/vi/L7utrVISBzo/hqdefault.jpg
374,Mera Bhai,HindiHipHop,hCVQoKwGwTo,Kishor Kumar,https://i.ytimg.com/vi/hCVQoKwGwTo/hqdefault.jpg
375,Nalayak,HindiHipHop,1j2YXCvTtTs,Kishor Kumar,https://i.ytimg.com/vi/1j2YXCvTtTs/hqdefault.jpg
376,Ganda Flow,HindiHipHop,czs4J_Yk5sM,Kishor Kumar,https://i.ytimg.com/vi/czs4J_Yk5sM/hqdefault.jpg
377,Kyun,HindiHipHop,iZrlDX0GWAo,Kishor Kumar,https://i.ytimg.com/vi/iZrlDX0GWAo/hqdefault.jpg
378,Namo Namo,HindiHipHop,dx4Teh-nv3A,Kishor Kumar,https://i.ytimg.com/vi/dx4Teh-nv3A/hqdefault.jpg
379,Ek Din,HindiHipHop,gU74mNz64VU,Kishor Kumar,https://i.ytimg.com/vi/gU74mNz64VU/hqdefault.jpg
380,Desi Hip Hop,HindiHipHop,TQuBZLsf-zE,Kishor Kumar,https://i.ytimg.com/vi/TQuBZLsf-zE/hqdefault.jpg
381,Don't Be Shy,HindiHipHop,_PHchFX5qiE,Kishor Kumar,https://i.ytimg.com/vi/_PHchFX5qiE/hqdefault.jpg
382,Ruk Ja Re Na Ja Re,HindiHipHop,mqjPu9HfIWo,Kishor Kumar,https://i.ytimg.com/vi/mqjPu9HfIWo/hqdefault.jpg
383,Haan Mai Galat,HindiHipHop,yRB0xbKDebo,Kishor Kumar,https://i.ytimg.com/vi/yRB0xbKDebo/hqdefault.jpg
384,Malum Hai Na,HindiHipHop,ZePfl9q8rMM,Kishor Kumar,https://i.ytimg.com/vi/ZePfl9q8rMM/hqdefault.jpg
385,Toofan,HindiHipHop,zR5-HbFW6hc,Kishor Kumar,https://i.ytimg.com/vi/zR5-HbFW6hc/hqdefault.jpg
386,On My Own,HindiHipHop,evKLxCTuO8c,Kishor Kumar,https://i.ytimg.com/vi/evKLxCTuO8c/hqdefault.jpg
387,Yeh Mera Bombay,HindiHipHop,n1mvcr7YyEE,Kishor Kumar,https://i.ytimg.com/vi/n1mvcr7YyEE/hqdefault.jpg
388,Theher Ja,HindiHipHop,XZhAJWI94hk,Kishor Kumar,https://i.ytimg.com/vi/XZhAJWI94hk/hqdefault.jpg
389,Ghanta,HindiHipHop,es0hzwP5iWA,Kishor Kumar,https://i.ytimg.com/vi/es0hzwP5iWA/hqdefault.jpg
390,Bas Mein,HindiHipHop,oBfRJplcSuk,Kishor Kumar,https://i.ytimg.com/vi/oBfRJplcSuk/hqdefault.jpg
391,Shuruaat,HindiHipHop,RDfWxd5PezE,Kishor Kumar,https://i.ytimg.com/vi/RDfWxd5PezE/hqdefault.jpg
392,Azaad Hu Mai,HindiHipHop,eeQFfJ1WCTo,Kishor Kumar,https://i.ytimg.com/vi/eeQFfJ1WCTo/hqdefault.jpg
393,Kasoor,HindiHipHop,iOIF74Hk80A,Kishor Kumar,https://i.ytimg.com/vi/iOIF74Hk80A/hqdefault.jpg
394,Mera Bhai,HindiHipHop,hCVQoKwGwTo,Kishor Kumar,https://i.ytimg.com/vi/hCVQoKwGwTo/hqdefault.jpg
395,Galat Bande,HindiHipHop,j6qEUKghjL4,Kishor Kumar,https://i.ytimg.com/vi/j6qEUKghjL4/hqdefault.jpg
396,Sakht Launda,HindiHipHop,ERjpIZQrljo,Kishor Kumar,https://i.ytimg.com/vi/ERjpIZQrljo/hqdefault.jpg
397,Mere Baare,HindiHipHop,u4iXdo2-pxc,Kishor Kumar,https://i.ytimg.com/vi/u4iXdo2-pxc/hqdefault.jpg
398,Bhaari Scene,HindiHipHop,fB2P3QQWQRU,Kishor Kumar,https://i.ytimg.com/vi/fB2P3QQWQRU/hqdefault.jpg
399,Gully Ka Kutta,HindiHipHop,ucCEAkILqvg,Kishor Kumar,https://i.ytimg.com/vi/ucCEAkILqvg/hqdefault.jpg
400,Kya Karun,HindiHipHop,YLFx8dj-8lE,Kishor Kumar,https://i.ytimg.com/vi/YLFx8dj-8lE/hqdefault.jpg
401,Street Boy,HindiHipHop,8e9Xc_wCqkg,Kishor Kumar,https://i.ytimg.com/vi/8e9Xc_wCqkg/hqdefault.jpg
402,Parindey,HindiHipHop,krC4-FiG-rM,Kishor Kumar,https://i.ytimg.com/vi/krC4-FiG-rM/hqdefault.jpg
403,Namaazi,HindiHipHop,2kN3jh-5ZkM,Kishor Kumar,https://i.ytimg.com/vi/2kN3jh-5ZkM/hqdefault.jpg
404,Aatmvishvas,HindiHipHop,QU8a-kpFeT8,Kishor Kumar,https://i.ytimg.com/vi/QU8a-kpFeT8/hqdefault.jpg
405,Dhoond Le,HindiHipHop,1xcjRStw-dM,Kishor Kumar,https://i.ytimg.com/vi/1xcjRStw-dM/hqdefault.jpg
406,Tu Kisi Rail Si,HindiHipHop,zpf8hrbT2d0,Kishor Kumar,https://i.ytimg.com/vi/zpf8hrbT2d0/hqdefault.jpg
407,Jazba,HindiHipHop,GiKfmRE8vUk,Kishor Kumar,https://i.ytimg.com/vi/GiKfmRE8vUk/hqdefault.jpg
408,Zinda Hai,HindiHipHop,RpGe0xE9Gm4,Kishor Kumar,https://i.ytimg.com/vi/RpGe0xE9Gm4/hqdefault.jpg
409,Tere Bina,HindiHipHop,9JDSGhhiOwI,Kishor Kumar,https://i.ytimg.com/vi/9JDSGhhiOwI/hqdefault.jpg
410,Gaanewale Rapper,HindiHipHop,jwnwHkKXFyY,Kishor Kumar,https://i.ytimg.com/vi/jwnwHkKXFyY/hqdefault.jpg
411,Tum Nahi Samjhoge,HindiHipHop,JG9Ii3MyOzw,Kishor Kumar,https://i.ytimg.com/vi/JG9Ii3MyOzw/hqdefault.jpg
412,Bina Tere,HindiHipHop,9JDSGhhiOwI,Kishor Kumar,https://i.ytimg.com/vi/9JDSGhhiOwI/hqdefault.jpg
413,Sher Pe Sawaar,HindiHipHop,0X4aZqBGySQ,Kishor Kumar,https://i.ytimg.com/vi/0X4aZqBGySQ/hqdefault.jpg
414,Kahan Hai Tu,HindiHipHop,Dm0Io9-BQB8,Kishor Kumar,https://i.ytimg.com/vi/Dm0Io9-BQB8/hqdefault.jpg
415,Desi Hip Hop 2,HindiHipHop,TQuBZLsf-zE,Kishor Kumar,https://i.ytimg.com/vi/TQuBZLsf-zE/hqdefault.jpg
416,Dekh Kaun Aaya Wapas,HindiHipHop,go4QsxoPrMc,Kishor Kumar,https://i.ytimg.com/vi/go4QsxoPrMc/hqdefault.jpg
417,Akela,HindiHipHop,TgRKK-HHm-I,Kishor Kumar,https://i.ytimg.com/vi/TgRKK-HHm-I/hqdefault.jpg
418,Haji Springer,HindiHipHop,gQqauu6GtCE,Kishor Kumar,https://i.ytimg.com/vi/gQqauu6GtCE/hqdefault.jpg
419,The Journey,HindiHipHop,-8i3p4HbbXA,Kishor Kumar,https://i.ytimg.com/vi/-8i3p4HbbXA/hqdefault.jpg
420,Bhool Na Jaana,HindiHipHop,2riEbqkXTKU,Kishor Kumar,https://i.ytimg.com/vi/2riEbqkXTKU/hqdefault.jpg
421,Pyaar Nahin Par Parindey,HindiHipHop,BOgiLwQ7Es0,Kishor Kumar,https://i.ytimg.com/vi/BOgiLwQ7Es0/hqdefault.jpg
422,On My Way,HindiHipHop,dhYOPzcsbGM,Kishor Kumar,https://i.ytimg.com/vi/dhYOPzcsbGM/hqdefault.jpg
423,Bekhabar,HindiHipHop,1wEtmB3z_yc,Kishor Kumar,https://i.ytimg.com/vi/1wEtmB3z_yc/hqdefault.jpg
424,Mera Bhai,HindiHipHop,hCVQoKwGwTo,Kishor Kumar,https://i.ytimg.com/vi/hCVQoKwGwTo/hqdefault.jpg
425,Khoon Nikla,HindiHipHop,t8-pMOMDB9Q,Kishor Kumar,https://i.ytimg.com/vi/t8-pMOMDB9Q/hqdefault.jpg
426,Sarkar Ki Duniya,HindiHipHop,qlUfqULw7-k,Kishor Kumar,https://i.ytimg.com/vi/qlUfqULw7-k/hqdefault.jpg
427,Mere Hisse Ki Khushi,HindiHipHop,q-RP99S_qK0,Kishor Kumar,https://i.ytimg.com/vi/q-RP99S_qK0/hqdefault.jpg
428,Khud Se Zyada,HindiHipHop,ZxqBuNUT0_U,Kishor Kumar,https://i.ytimg.com/vi/ZxqBuNUT0_U/hqdefault.jpg
429,Jeetenge Hum,HindiHipHop,B8SREWxM3Ao,Kishor Kumar,https://i.ytimg.com/vi/B8SREWxM3Ao/hqdefault.jpg
430,Khulle Sher,HindiHipHop,5ZcUR3p9BDs,Kishor Kumar,https://i.ytimg.com/vi/5ZcUR3p9BDs/hqdefault.jpg
431,Ranihaar,HindiHipHop,VGfloIcEMgo,Kishor Kumar,https://i.ytimg.com/vi/VGfloIcEMgo/hqdefault.jpg
432,Top Kek,HindiHipHop,OmfCe2beT_I,Kishor Kumar,https://i.ytimg.com/vi/OmfCe2beT_I/hqdefault.jpg
433,Khamoshi,HindiHipHop,RGwGRUqSWsg,Kishor Kumar,https://i.ytimg.com/vi/RGwGRUqSWsg/hqdefault.jpg
434,Daulat,HindiHipHop,yIck6f_CPks,Kishor Kumar,https://i.ytimg.com/vi/yIck6f_CPks/hqdefault.jpg
435,Hindustani Ways,HindiHipHop,oWqIc2dbU9I,Kishor Kumar,https://i.ytimg.com/vi/oWqIc2dbU9I/hqdefault.jpg
436,Afsos Karoge,HindiHipHop,GztjZ3zXGb4,Kishor Kumar,https://i.ytimg.com/vi/GztjZ3zXGb4/hqdefault.jpg
437,Stairway to Heaven,EnglishOld,QkF3oxziUI4,Kishor Kumar,https://i.ytimg.com/vi/QkF3oxziUI4/hqdefault.jpg
438,Imagine,EnglishOld,YkgkThdzX-8,Kishor Kumar,https://i.ytimg.com/vi/YkgkThdzX-8/hqdefault.jpg
439,Hotel California,EnglishOld,09839DpTctU,Kishor Kumar,https://i.ytimg.com/vi/09839DpTctU/hqdefault.jpg
440,Bohemian Rhapsody,EnglishOld,fJ9rUzIMcZQ,Kishor Kumar,https://i.ytimg.com/vi/fJ9rUzIMcZQ/hqdefault.jpg
441,Sweet Child o' Mine,EnglishOld,1w7OgIMMRc4,Kishor Kumar,https://i.ytimg.com/vi/1w7OgIMMRc4/hqdefault.jpg
442,Another Brick in the Wall,EnglishOld,axWVMr-RpMM,Kishor Kumar,https://i.ytimg.com/vi/axWVMr-RpMM/hqdefault.jpg
443,Comfortably Numb,EnglishOld,_FrOQC-zEog,Kishor Kumar,https://i.ytimg.com/vi/_FrOQC-zEog/hqdefault.jpg
444,Good Vibrations,EnglishOld,_kctwd4w7R0,Kishor Kumar,https://i.ytimg.com/vi/_kctwd4w7R0/hqdefault.jpg
445,Yesterday,EnglishOld,wXTJBr9tt8Q,Kishor Kumar,https://i.ytimg.com/vi/wXTJBr9tt8Q/hqdefault.jpg
446,Smells Like Teen Spirit,EnglishOld,hTWKbfoikeg,Kishor Kumar,https://i.ytimg.com/vi/hTWKbfoikeg/hqdefault.jpg
447,Like a Rolling Stone,EnglishOld,IwOfCgkyEj0,Kishor Kumar,https://i.ytimg.com/vi/IwOfCgkyEj0/hqdefault.jpg
448,I Will Always Love You,EnglishOld,3JWTaaS7LdU,Kishor Kumar,https://i.ytimg.com/vi/3JWTaaS7LdU/hqdefault.jpg
449,Dancing Queen,EnglishOld,xFrGuyw1V8s,Kishor Kumar,https://i.ytimg.com/vi/xFrGuyw1V8s/hqdefault.jpg
450,My Way,EnglishOld,qQzdAsjWGPg,Kishor Kumar,https://i.ytimg.com/vi/qQzdAsjWGPg/hqdefault.jpg
451,Billie Jean,EnglishOld,Zi_XLOBDo_Y,Kishor Kumar,https://i.ytimg.com/vi/Zi_XLOBDo_Y/hqdefault.jpg
452,Every Breath You Take,EnglishOld,OMOGaugKpzs,Kishor Kumar,https://i.ytimg.com/vi/OMOGaugKpzs/hqdefault.jpg
453,Livin' on a Prayer,EnglishOld,lDK9QqIzhwk,Kishor Kumar,https://i.ytimg.com/vi/lDK9QqIzhwk/hqdefault.jpg
454,Eye of the Tiger,EnglishOld,btPJPFnesV4,Kishor Kumar,https://i.ytimg.com/vi/btPJPFnesV4/hqdefault.jpg
455,Don't Stop Believin',EnglishOld,7gupK06T68k,Kishor Kumar,https://i.ytimg.com/vi/7gupK06T68k/hqdefault.jpg
456,You Give Love a Bad Name,EnglishOld,KrZHPOeOxQQ,Kishor Kumar,https://i.ytimg.com/vi/KrZHPOeOxQQ/hqdefault.jpg
457,Free Bird,EnglishOld,0LwcvjNJTuM,Kishor Kumar,https://i.ytimg.com/vi/0LwcvjNJTuM/hqdefault.jpg
458,I Want to Hold Your Hand,EnglishOld,v1HDt1tknTc,Kishor Kumar,https://i.ytimg.com/vi/v1HDt1tknTc/hqdefault.jpg
459,Hallelujah,EnglishOld,y8AWFf7EAc4,Kishor Kumar,https://i.ytimg.com/vi/y8AWFf7EAc4/hqdefault.jpg
460,Layla,EnglishOld,pKwQlm-wldA,Kishor Kumar,https://i.ytimg.com/vi/pKwQlm-wldA/hqdefault.jpg
461,Help!,EnglishOld,w24bjc3F7zw,Kishor Kumar,https://i.ytimg.com/vi/w24bjc3F7zw/hqdefault.jpg
462,Whole Lotta Love,EnglishOld,HQmmM_qwG4k,Kishor Kumar,https://i.ytimg.com/vi/HQmmM_qwG4k/hqdefault.jpg
463,Let It Be,EnglishOld,QDYfEBY9NM4,Kishor Kumar,https://i.ytimg.com/vi/QDYfEBY9NM4/hqdefault.jpg
464,American Pie,EnglishOld,7BjPojITTwE,Kishor Kumar,https://i.ytimg.com/vi/7BjPojITTwE/hqdefault.jpg
465,Nothing Compares 2 U,EnglishOld,0-EF60neguk,Kishor Kumar,https://i.ytimg.com/vi/0-EF60neguk/hqdefault.jpg
466,Papa's Got a Brand New Bag,EnglishOld,QE5D2hJhacU,Kishor Kumar,https://i.ytimg.com/vi/QE5D2hJhacU/hqdefault.jpg
467,Dancing in the Dark,EnglishOld,xagMVvaLkj0,Kishor Kumar,https://i.ytimg.com/vi/xagMVvaLkj0/hqdefault.jpg
468,Highway to Hell,EnglishOld,l482T0yNkeo,Kishor Kumar,https://i.ytimg.com/vi/l482T0yNkeo/hqdefault.jpg
469,Purple Rain,EnglishOld,TvnYmWpD_T8,Kishor Kumar,https://i.ytimg.com/vi/TvnYmWpD_T8/hqdefault.jpg
470,Superstition,EnglishOld,0CFuCYNx-1g,Kishor Kumar,https://i.ytimg.com/vi/0CFuCYNx-1g/hqdefault.jpg
471,Shout,EnglishOld,Ye7FKc1JQe4,Kishor Kumar,https://i.ytimg.com/vi/Ye7FKc1JQe4/hqdefault.jpg
472,Suspicious Minds,EnglishOld,RxOBOhRECoo,Kishor Kumar,https://i.ytimg.com/vi/RxOBOhRECoo/hqdefault.jpg
473,Born to Run,EnglishOld,IxuThNgl3YA,Kishor Kumar,https://i.ytimg.com/vi/IxuThNgl3YA/hqdefault.jpg
474,All Along the Watchtower,EnglishOld,TLV4_xaYynY,Kishor Kumar,https://i.ytimg.com/vi/TLV4_xaYynY/hqdefault.jpg
475,London Calling,EnglishOld,EfK-WX2pa8c,Kishor Kumar,https://i.ytimg.com/vi/EfK-WX2pa8c/hqdefault.jpg
476,Sweet Home Alabama,EnglishOld,E2ySMc4iT04,Kishor Kumar,https://i.ytimg.com/vi/E2ySMc4iT04/hqdefault.jpg
477,Stayin' Alive,EnglishOld,fNFzfwLM72c,Kishor Kumar,https://i.ytimg.com/vi/fNFzfwLM72c/hqdefault.jpg
478,Born in the USA,EnglishOld,EPhWR4d3FJQ,Kishor Kumar,https://i.ytimg.com/vi/EPhWR4d3FJQ/hqdefault.jpg
479,Walk This Way,EnglishOld,4B_UYYPb-Gk,Kishor Kumar,https://i.ytimg.com/vi/4B_UYYPb-Gk/hqdefault.jpg
480,California Dreamin',EnglishOld,N-aK6JnyFmk,Kishor Kumar,https://i.ytimg.com/vi/N-aK6JnyFmk/hqdefault.jpg
481,Riders on the Storm,EnglishOld,iv8GW1GaoIc,Kishor Kumar,https://i.ytimg.com/vi/iv8GW1GaoIc/hqdefault.jpg
482,Let's Stay Together,EnglishOld,XXx6RDzR6eM,Kishor Kumar,https://i.ytimg.com/vi/XXx6RDzR6eM/hqdefault.jpg
483,Love Will Tear Us Apart,EnglishOld,674KGKRQBPE,Kishor Kumar,https://i.ytimg.com/vi/674KGKRQBPE/hqdefault.jpg
484,Whole Lotta Rosie,EnglishOld,QMvE0yFnR0I,Kishor Kumar,https://i.ytimg.com/vi/QMvE0yFnR0I/hqdefault.jpg
485,Another One Bites the Dust,EnglishOld,rY0WxgSXdEE,Kishor Kumar,https://i.ytimg.com/vi/rY0WxgSXdEE/hqdefault.jpg
486,White Room,EnglishOld,4QeEWH-ExRI,Kishor Kumar,https://i.ytimg.com/vi/4QeEWH-ExRI/hqdefault.jpg
487,November Rain,EnglishOld,8SbUC-UaAxE,Kishor Kumar,https://i.ytimg.com/vi/8SbUC-UaAxE/hqdefault.jpg
488,The Chain,EnglishOld,JDG2m5hN1vo,Kishor Kumar,https://i.ytimg.com/vi/JDG2m5hN1vo/hqdefault.jpg
489,Brown Sugar,EnglishOld,y2tEPmwWEiI,Kishor Kumar,https://i.ytimg.com/vi/y2tEPmwWEiI/hqdefault.jpg
490,Rocket Man,EnglishOld,DtVBCG6ThDk,Kishor Kumar,https://i.ytimg.com/vi/DtVBCG6ThDk/hqdefault.jpg
491,Lay Lady Lay,EnglishOld,LhzEsb2tNbI,Kishor Kumar,https://i.ytimg.com/vi/LhzEsb2tNbI/hqdefault.jpg
492,Bridge over Troubled Water,EnglishOld,4G-YQA_bsOU,Kishor Kumar,https://i.ytimg.com/vi/4G-YQA_bsOU/hqdefault.jpg
493,Hotel California,EnglishOld,09839DpTctU,Kishor Kumar,https://i.ytimg.com/vi/09839DpTctU/hqdefault.jpg
494,What's Going On,EnglishOld,lsMCNDtgGhE,Kishor Kumar,https://i.ytimg.com/vi/lsMCNDtgGhE/hqdefault.jpg
495,Heroes,EnglishOld,#NAME?,Kishor Kumar,https://i.ytimg.com/vi/-iVGAh8izg0/hqdefault.jpg
496,Baba O'Riley,EnglishOld,x2KRpRMSu4g,Kishor Kumar,https://i.ytimg.com/vi/x2KRpRMSu4g/hqdefault.jpg
497,Who Are You,EnglishOld,KU_HNamemkI,Kishor Kumar,https://i.ytimg.com/vi/KU_HNamemkI/hqdefault.jpg
498,We Will Rock You,EnglishOld,#NAME?,Kishor Kumar,https://i.ytimg.com/vi/-tJYN-eG1zk/hqdefault.jpg
499,Super Freak,EnglishOld,QYHxGBH6o4M,Kishor Kumar,https://i.ytimg.com/vi/QYHxGBH6o4M/hqdefault.jpg
500,Bad Moon Rising,EnglishOld,zUQiUFZ5RDw,Kishor Kumar,https://i.ytimg.com/vi/zUQiUFZ5RDw/hqdefault.jpg
501,Baba O'Reilly,EnglishOld,x2KRpRMSu4g,Kishor Kumar,https://i.ytimg.com/vi/x2KRpRMSu4g/hqdefault.jpg
502,Africa,EnglishOld,pRpeEdMmmQ0,Kishor Kumar,https://i.ytimg.com/vi/pRpeEdMmmQ0/hqdefault.jpg
503,Somebody to Love,EnglishOld,kijpcUv-b8M,Kishor Kumar,https://i.ytimg.com/vi/kijpcUv-b8M/hqdefault.jpg
504,Piano Man,EnglishOld,gxEPV4kolz0,Kishor Kumar,https://i.ytimg.com/vi/gxEPV4kolz0/hqdefault.jpg
505,I Shot the Sheriff,EnglishOld,zGO8HN1QQdI,Kishor Kumar,https://i.ytimg.com/vi/zGO8HN1QQdI/hqdefault.jpg
506,Don't You Want Me,EnglishOld,uPudE8nDog0,Kishor Kumar,https://i.ytimg.com/vi/uPudE8nDog0/hqdefault.jpg
507,Dancing in the Moonlight,EnglishOld,0yBnIUX0QAE,Kishor Kumar,https://i.ytimg.com/vi/0yBnIUX0QAE/hqdefault.jpg
508,Owner of a Lonely Heart,EnglishOld,SVOuYquXuuc,Kishor Kumar,https://i.ytimg.com/vi/SVOuYquXuuc/hqdefault.jpg
509,Livin' Thing,EnglishOld,lvBOZCrJsAI,Kishor Kumar,https://i.ytimg.com/vi/lvBOZCrJsAI/hqdefault.jpg
510,Sultans of Swing,EnglishOld,h0ffIJ7ZO4U,Kishor Kumar,https://i.ytimg.com/vi/h0ffIJ7ZO4U/hqdefault.jpg
511,Whole Lotta Shakin' Going On,EnglishOld,GN8VV8CHnrk,Kishor Kumar,https://i.ytimg.com/vi/GN8VV8CHnrk/hqdefault.jpg
512,Riders on the Storm,EnglishOld,iv8GW1GaoIc,Kishor Kumar,https://i.ytimg.com/vi/iv8GW1GaoIc/hqdefault.jpg
513,Everybody Wants to Rule the World,EnglishOld,aGCdLKXNF3w,Kishor Kumar,https://i.ytimg.com/vi/aGCdLKXNF3w/hqdefault.jpg
514,Crazy Little Thing Called Love,EnglishOld,zO6D_BAuYCI,Kishor Kumar,https://i.ytimg.com/vi/zO6D_BAuYCI/hqdefault.jpg
515,Let's Dance,EnglishOld,B7OUHcz2tEw,Kishor Kumar,https://i.ytimg.com/vi/B7OUHcz2tEw/hqdefault.jpg
516,Bizarre Love Triangle,EnglishOld,tkOr12AQpnU,Kishor Kumar,https://i.ytimg.com/vi/tkOr12AQpnU/hqdefault.jpg
517,Heart of Glass,EnglishOld,WGU_4-5RaxU,Kishor Kumar,https://i.ytimg.com/vi/WGU_4-5RaxU/hqdefault.jpg
518,Sweet Caroline,EnglishOld,0iN-hemcKc8,Kishor Kumar,https://i.ytimg.com/vi/0iN-hemcKc8/hqdefault.jpg
519,Ghostbusters,EnglishOld,ahZFCF--uRY,Kishor Kumar,https://i.ytimg.com/vi/ahZFCF--uRY/hqdefault.jpg
520,99 Red Balloons,EnglishOld,hiwgOWo7mDc,Kishor Kumar,https://i.ytimg.com/vi/hiwgOWo7mDc/hqdefault.jpg
521,Tainted Love,EnglishOld,XZVpR3Pk-r8,Kishor Kumar,https://i.ytimg.com/vi/XZVpR3Pk-r8/hqdefault.jpg
522,Under Pressure,EnglishOld,a01QQZyl-_I,Kishor Kumar,https://i.ytimg.com/vi/a01QQZyl-_I/hqdefault.jpg
523,West End Girls,EnglishOld,p3j2NYZ8FKs,Kishor Kumar,https://i.ytimg.com/vi/p3j2NYZ8FKs/hqdefault.jpg
524,New Year's Day,EnglishOld,KkvTYrFIxNM,Kishor Kumar,https://i.ytimg.com/vi/KkvTYrFIxNM/hqdefault.jpg
525,Don't You (Forget About Me),EnglishOld,KoqPy1hk3BI,Kishor Kumar,https://i.ytimg.com/vi/KoqPy1hk3BI/hqdefault.jpg
526,I Want You Back,EnglishOld,AJ_Zry9KLb8,Kishor Kumar,https://i.ytimg.com/vi/AJ_Zry9KLb8/hqdefault.jpg
527,In the Air Tonight,EnglishOld,YkADj0TPrJA,Kishor Kumar,https://i.ytimg.com/vi/YkADj0TPrJA/hqdefault.jpg
528,Love Shack,EnglishOld,9SOryJvTAGs,Kishor Kumar,https://i.ytimg.com/vi/9SOryJvTAGs/hqdefault.jpg
529,You Can't Hurry Love,EnglishOld,C9IwBJYTwQ0,Kishor Kumar,https://i.ytimg.com/vi/C9IwBJYTwQ0/hqdefault.jpg
530,Don't Stop 'til You Get Enough,EnglishOld,yURRmWtbTbo,Kishor Kumar,https://i.ytimg.com/vi/yURRmWtbTbo/hqdefault.jpg
531,Rio,EnglishOld,3BSQ7xnOqnA,Kishor Kumar,https://i.ytimg.com/vi/3BSQ7xnOqnA/hqdefault.jpg
532,I'm Still Standing,EnglishOld,xiZW1VoytEg,Kishor Kumar,https://i.ytimg.com/vi/xiZW1VoytEg/hqdefault.jpg
533,Blue Monday,EnglishOld,FYH8DsU2WCk,Kishor Kumar,https://i.ytimg.com/vi/FYH8DsU2WCk/hqdefault.jpg
534,Do You Really Want to Hurt Me,EnglishOld,2nXGPZaTKik,Kishor Kumar,https://i.ytimg.com/vi/2nXGPZaTKik/hqdefault.jpg
536,Take on Me,EnglishOld,djV11Xbc914,Kishor Kumar,https://i.ytimg.com/vi/djV11Xbc914/hqdefault.jpg
537,Video Killed the Radio Star,EnglishOld,W8r-tXRLazs,Kishor Kumar,https://i.ytimg.com/vi/W8r-tXRLazs/hqdefault.jpg
538,Footloose,EnglishOld,ltrMfT4Qz5Y,Kishor Kumar,https://i.ytimg.com/vi/ltrMfT4Qz5Y/hqdefault.jpg
539,Sweet Dreams (Are Made of This),EnglishOld,qeMFqkcPYcg,Kishor Kumar,https://i.ytimg.com/vi/qeMFqkcPYcg/hqdefault.jpg
